geoid_long,census_tract,time_of_year,socioeconomic_group,census_county,census_city,avg_event_rh_max_perc,avg_event_rh_min_perc,tmax,tmin,hist_avg_annual_events,hist_avg_duration
1400000US06083000101,6083000101,Total,"2006 HW","Santa Barbara County","Santa Barbara",62.09,26.82,101.12,69.51,0.00,0.00
1400000US06083000101,6083000101,Total,Vulnerable,"Santa Barbara County","Santa Barbara",52.53,20.25,97.52,63.34,0.13,3.50
1400000US06083000101,6083000101,AM,General,"Santa Barbara County","Santa Barbara",68.51,26.80,87.54,55.28,0.60,4.44
1400000US06083000101,6083000101,JJA,General,"Santa Barbara County","Santa Barbara",68.06,26.95,93.64,65.31,0.37,4.09
1400000US06083000101,6083000101,SO,General,"Santa Barbara County","Santa Barbara",56.14,23.46,95.74,65.21,0.07,3.00
1400000US06083000102,6083000102,SO,General,"Santa Barbara County","Santa Barbara",56.14,23.46,95.74,65.21,0.07,3.00
1400000US06083000102,6083000102,JJA,General,"Santa Barbara County","Santa Barbara",68.06,26.95,93.64,65.31,0.37,4.09
1400000US06083000102,6083000102,AM,General,"Santa Barbara County","Santa Barbara",68.51,26.80,87.54,55.28,0.60,4.44
1400000US06083000102,6083000102,Total,Vulnerable,"Santa Barbara County","Santa Barbara",52.53,20.25,97.52,63.34,0.13,3.50
1400000US06083000102,6083000102,Total,"2006 HW","Santa Barbara County","Santa Barbara",62.09,26.82,101.12,69.51,0.00,0.00
1400000US06083000103,6083000103,SO,General,"Santa Barbara County","Santa Barbara",56.14,23.46,95.74,65.21,0.07,3.00
1400000US06083000103,6083000103,JJA,General,"Santa Barbara County","Santa Barbara",68.06,26.95,93.64,65.31,0.37,4.09
1400000US06083000103,6083000103,AM,General,"Santa Barbara County","Santa Barbara",68.51,26.80,87.54,55.28,0.60,4.44
1400000US06083000103,6083000103,Total,Vulnerable,"Santa Barbara County","Santa Barbara",52.53,20.25,97.52,63.34,0.13,3.50
1400000US06083000103,6083000103,Total,"2006 HW","Santa Barbara County","Santa Barbara",62.09,26.82,101.12,69.51,0.00,0.00
1400000US06083000200,6083000200,Total,"2006 HW","Santa Barbara County","Santa Barbara",62.09,26.82,101.12,69.51,0.00,0.00
1400000US06083000200,6083000200,Total,Vulnerable,"Santa Barbara County","Santa Barbara",52.53,20.25,97.52,63.34,0.13,3.50
1400000US06083000200,6083000200,AM,General,"Santa Barbara County","Santa Barbara",68.51,26.80,87.54,55.28,0.60,4.44
1400000US06083000200,6083000200,JJA,General,"Santa Barbara County","Santa Barbara",68.06,26.95,93.64,65.31,0.37,4.09
1400000US06083000200,6083000200,SO,General,"Santa Barbara County","Santa Barbara",56.14,23.46,95.74,65.21,0.07,3.00
1400000US06083000301,6083000301,SO,General,"Santa Barbara County","Santa Barbara",92.94,50.94,82.36,62.75,0.13,5.50
1400000US06083000301,6083000301,JJA,General,"Santa Barbara County","Santa Barbara",92.51,52.95,82.36,65.06,0.10,4.33
1400000US06083000301,6083000301,AM,General,"Santa Barbara County","Santa Barbara",76.59,25.22,84.62,57.76,0.53,2.69
1400000US06083000301,6083000301,Total,Vulnerable,"Santa Barbara County","Santa Barbara",87.90,54.56,77.02,59.03,4.00,4.78
1400000US06083000301,6083000301,Total,"2006 HW","Santa Barbara County","Santa Barbara",87.19,61.89,89.00,66.43,0.00,0.00
1400000US06083000302,6083000302,SO,General,"Santa Barbara County","Santa Barbara",56.14,23.46,95.74,65.21,0.07,3.00
1400000US06083000302,6083000302,JJA,General,"Santa Barbara County","Santa Barbara",68.06,26.95,93.64,65.31,0.37,4.09
1400000US06083000302,6083000302,AM,General,"Santa Barbara County","Santa Barbara",68.51,26.80,87.54,55.28,0.60,4.44
1400000US06083000302,6083000302,Total,Vulnerable,"Santa Barbara County","Santa Barbara",52.53,20.25,97.52,63.34,0.13,3.50
1400000US06083000302,6083000302,Total,"2006 HW","Santa Barbara County","Santa Barbara",62.09,26.82,101.12,69.51,0.00,0.00
1400000US06083000400,6083000400,Total,"2006 HW","Santa Barbara County","Santa Barbara",87.19,61.89,89.00,66.43,0.00,0.00
1400000US06083000400,6083000400,Total,Vulnerable,"Santa Barbara County","Santa Barbara",87.90,54.56,77.02,59.03,4.00,4.78
1400000US06083000400,6083000400,AM,General,"Santa Barbara County","Santa Barbara",76.59,25.22,84.62,57.76,0.53,2.69
1400000US06083000400,6083000400,JJA,General,"Santa Barbara County","Santa Barbara",92.51,52.95,82.36,65.06,0.10,4.33
1400000US06083000400,6083000400,SO,General,"Santa Barbara County","Santa Barbara",92.94,50.94,82.36,62.75,0.13,5.50
1400000US06083000501,6083000501,SO,General,"Santa Barbara County","Santa Barbara",56.14,23.46,95.74,65.21,0.07,3.00
1400000US06083000501,6083000501,JJA,General,"Santa Barbara County","Santa Barbara",68.06,26.95,93.64,65.31,0.37,4.09
1400000US06083000501,6083000501,AM,General,"Santa Barbara County","Santa Barbara",68.51,26.80,87.54,55.28,0.60,4.44
1400000US06083000501,6083000501,Total,Vulnerable,"Santa Barbara County","Santa Barbara",52.53,20.25,97.52,63.34,0.13,3.50
1400000US06083000501,6083000501,Total,"2006 HW","Santa Barbara County","Santa Barbara",62.09,26.82,101.12,69.51,0.00,0.00
1400000US06083000502,6083000502,SO,General,"Santa Barbara County","Santa Barbara",56.14,23.46,95.74,65.21,0.07,3.00
1400000US06083000502,6083000502,JJA,General,"Santa Barbara County","Santa Barbara",68.06,26.95,93.64,65.31,0.37,4.09
1400000US06083000502,6083000502,AM,General,"Santa Barbara County","Santa Barbara",68.51,26.80,87.54,55.28,0.60,4.44
1400000US06083000502,6083000502,Total,Vulnerable,"Santa Barbara County","Santa Barbara",52.53,20.25,97.52,63.34,0.13,3.50
1400000US06083000502,6083000502,Total,"2006 HW","Santa Barbara County","Santa Barbara",62.09,26.82,101.12,69.51,0.00,0.00
1400000US06083000600,6083000600,Total,"2006 HW","Santa Barbara County","Santa Barbara",62.09,26.82,101.12,69.51,0.00,0.00
1400000US06083000600,6083000600,Total,Vulnerable,"Santa Barbara County","Santa Barbara",52.53,20.25,97.52,63.34,0.13,3.50
1400000US06083000600,6083000600,AM,General,"Santa Barbara County","Santa Barbara",68.51,26.80,87.54,55.28,0.60,4.44
1400000US06083000600,6083000600,JJA,General,"Santa Barbara County","Santa Barbara",68.06,26.95,93.64,65.31,0.37,4.09
1400000US06083000600,6083000600,SO,General,"Santa Barbara County","Santa Barbara",56.14,23.46,95.74,65.21,0.07,3.00
1400000US06083000700,6083000700,SO,General,"Santa Barbara County","Santa Barbara",56.14,23.46,95.74,65.21,0.07,3.00
1400000US06083000700,6083000700,JJA,General,"Santa Barbara County","Santa Barbara",68.06,26.95,93.64,65.31,0.37,4.09
1400000US06083000700,6083000700,AM,General,"Santa Barbara County","Santa Barbara",68.51,26.80,87.54,55.28,0.60,4.44
1400000US06083000700,6083000700,Total,Vulnerable,"Santa Barbara County","Santa Barbara",52.53,20.25,97.52,63.34,0.13,3.50
1400000US06083000700,6083000700,Total,"2006 HW","Santa Barbara County","Santa Barbara",62.09,26.82,101.12,69.51,0.00,0.00
1400000US06083000801,6083000801,SO,General,"Santa Barbara County","Santa Barbara",56.14,23.46,95.74,65.21,0.07,3.00
1400000US06083000801,6083000801,JJA,General,"Santa Barbara County","Santa Barbara",68.06,26.95,93.64,65.31,0.37,4.09
1400000US06083000801,6083000801,AM,General,"Santa Barbara County","Santa Barbara",68.51,26.80,87.54,55.28,0.60,4.44
1400000US06083000801,6083000801,Total,Vulnerable,"Santa Barbara County","Santa Barbara",52.53,20.25,97.52,63.34,0.13,3.50
1400000US06083000801,6083000801,Total,"2006 HW","Santa Barbara County","Santa Barbara",62.09,26.82,101.12,69.51,0.00,0.00
1400000US06083000804,6083000804,Total,"2006 HW","Santa Barbara County","Santa Barbara",62.09,26.82,101.12,69.51,0.00,0.00
1400000US06083000804,6083000804,Total,Vulnerable,"Santa Barbara County","Santa Barbara",52.53,20.25,97.52,63.34,0.13,3.50
1400000US06083000804,6083000804,AM,General,"Santa Barbara County","Santa Barbara",68.51,26.80,87.54,55.28,0.60,4.44
1400000US06083000804,6083000804,JJA,General,"Santa Barbara County","Santa Barbara",68.06,26.95,93.64,65.31,0.37,4.09
1400000US06083000804,6083000804,SO,General,"Santa Barbara County","Santa Barbara",56.14,23.46,95.74,65.21,0.07,3.00
1400000US06083000900,6083000900,SO,General,"Santa Barbara County","Santa Barbara",92.94,50.94,82.36,62.75,0.13,5.50
1400000US06083000900,6083000900,JJA,General,"Santa Barbara County","Santa Barbara",92.51,52.95,82.36,65.06,0.10,4.33
1400000US06083000900,6083000900,AM,General,"Santa Barbara County","Santa Barbara",76.59,25.22,84.62,57.76,0.53,2.69
1400000US06083000900,6083000900,Total,Vulnerable,"Santa Barbara County","Santa Barbara",87.90,54.56,77.02,59.03,4.00,4.78
1400000US06083000900,6083000900,Total,"2006 HW","Santa Barbara County","Santa Barbara",87.19,61.89,89.00,66.43,0.00,0.00
1400000US06083001000,6083001000,SO,General,"Santa Barbara County","Santa Barbara",92.94,50.94,82.36,62.75,0.13,5.50
1400000US06083001000,6083001000,JJA,General,"Santa Barbara County","Santa Barbara",92.51,52.95,82.36,65.06,0.10,4.33
1400000US06083001000,6083001000,AM,General,"Santa Barbara County","Santa Barbara",76.59,25.22,84.62,57.76,0.53,2.69
1400000US06083001000,6083001000,Total,Vulnerable,"Santa Barbara County","Santa Barbara",87.90,54.56,77.02,59.03,4.00,4.78
1400000US06083001000,6083001000,Total,"2006 HW","Santa Barbara County","Santa Barbara",87.19,61.89,89.00,66.43,0.00,0.00
1400000US06083001101,6083001101,Total,"2006 HW","Santa Barbara County","Santa Barbara",87.19,61.89,89.00,66.43,0.00,0.00
1400000US06083001101,6083001101,Total,Vulnerable,"Santa Barbara County","Santa Barbara",87.90,54.56,77.02,59.03,4.00,4.78
1400000US06083001101,6083001101,AM,General,"Santa Barbara County","Santa Barbara",76.59,25.22,84.62,57.76,0.53,2.69
1400000US06083001101,6083001101,JJA,General,"Santa Barbara County","Santa Barbara",92.51,52.95,82.36,65.06,0.10,4.33
1400000US06083001101,6083001101,SO,General,"Santa Barbara County","Santa Barbara",92.94,50.94,82.36,62.75,0.13,5.50
1400000US06083001102,6083001102,SO,General,"Santa Barbara County","Santa Barbara",92.94,50.94,82.36,62.75,0.13,5.50
1400000US06083001102,6083001102,JJA,General,"Santa Barbara County","Santa Barbara",92.51,52.95,82.36,65.06,0.10,4.33
1400000US06083001102,6083001102,AM,General,"Santa Barbara County","Santa Barbara",76.59,25.22,84.62,57.76,0.53,2.69
1400000US06083001102,6083001102,Total,Vulnerable,"Santa Barbara County","Santa Barbara",87.90,54.56,77.02,59.03,4.00,4.78
1400000US06083001102,6083001102,Total,"2006 HW","Santa Barbara County","Santa Barbara",87.19,61.89,89.00,66.43,0.00,0.00
1400000US06083001203,6083001203,SO,General,"Santa Barbara County","Santa Barbara",56.14,23.46,95.74,65.21,0.07,3.00
1400000US06083001203,6083001203,JJA,General,"Santa Barbara County","Santa Barbara",68.06,26.95,93.64,65.31,0.37,4.09
1400000US06083001203,6083001203,AM,General,"Santa Barbara County","Santa Barbara",68.51,26.80,87.54,55.28,0.60,4.44
1400000US06083001203,6083001203,Total,Vulnerable,"Santa Barbara County","Santa Barbara",52.53,20.25,97.52,63.34,0.13,3.50
1400000US06083001203,6083001203,Total,"2006 HW","Santa Barbara County","Santa Barbara",62.09,26.82,101.12,69.51,0.00,0.00
1400000US06083001206,6083001206,Total,"2006 HW","Santa Barbara County","Santa Barbara",87.19,61.89,89.00,66.43,0.00,0.00
1400000US06083001206,6083001206,Total,Vulnerable,"Santa Barbara County","Santa Barbara",87.90,54.56,77.02,59.03,4.00,4.78
1400000US06083001206,6083001206,AM,General,"Santa Barbara County","Santa Barbara",76.59,25.22,84.62,57.76,0.53,2.69
1400000US06083001206,6083001206,JJA,General,"Santa Barbara County","Santa Barbara",92.51,52.95,82.36,65.06,0.10,4.33
1400000US06083001206,6083001206,SO,General,"Santa Barbara County","Santa Barbara",92.94,50.94,82.36,62.75,0.13,5.50
1400000US06083001208,6083001208,SO,General,"Santa Barbara County","Santa Barbara",56.14,23.46,95.74,65.21,0.07,3.00
1400000US06083001208,6083001208,JJA,General,"Santa Barbara County","Santa Barbara",68.06,26.95,93.64,65.31,0.37,4.09
1400000US06083001208,6083001208,AM,General,"Santa Barbara County","Santa Barbara",68.51,26.80,87.54,55.28,0.60,4.44
1400000US06083001208,6083001208,Total,Vulnerable,"Santa Barbara County","Santa Barbara",52.53,20.25,97.52,63.34,0.13,3.50
1400000US06083001208,6083001208,Total,"2006 HW","Santa Barbara County","Santa Barbara",62.09,26.82,101.12,69.51,0.00,0.00
1400000US06083001304,6083001304,SO,General,"Santa Barbara County","Santa Barbara",56.14,23.46,95.74,65.21,0.07,3.00
1400000US06083001304,6083001304,JJA,General,"Santa Barbara County","Santa Barbara",68.06,26.95,93.64,65.31,0.37,4.09
1400000US06083001304,6083001304,AM,General,"Santa Barbara County","Santa Barbara",68.51,26.80,87.54,55.28,0.60,4.44
1400000US06083001304,6083001304,Total,Vulnerable,"Santa Barbara County","Santa Barbara",52.53,20.25,97.52,63.34,0.13,3.50
1400000US06083001304,6083001304,Total,"2006 HW","Santa Barbara County","Santa Barbara",62.09,26.82,101.12,69.51,0.00,0.00
1400000US06083001306,6083001306,Total,"2006 HW","Santa Barbara County","Santa Barbara",62.09,26.82,101.12,69.51,0.00,0.00
1400000US06083001306,6083001306,Total,Vulnerable,"Santa Barbara County","Santa Barbara",52.53,20.25,97.52,63.34,0.13,3.50
1400000US06083001306,6083001306,AM,General,"Santa Barbara County","Santa Barbara",68.51,26.80,87.54,55.28,0.60,4.44
1400000US06083001306,6083001306,JJA,General,"Santa Barbara County","Santa Barbara",68.06,26.95,93.64,65.31,0.37,4.09
1400000US06083001306,6083001306,SO,General,"Santa Barbara County","Santa Barbara",56.14,23.46,95.74,65.21,0.07,3.00
1400000US06083001402,6083001402,SO,General,"Santa Barbara County","Santa Barbara",56.14,23.46,95.74,65.21,0.07,3.00
1400000US06083001402,6083001402,JJA,General,"Santa Barbara County","Santa Barbara",68.06,26.95,93.64,65.31,0.37,4.09
1400000US06083001402,6083001402,AM,General,"Santa Barbara County","Santa Barbara",68.51,26.80,87.54,55.28,0.60,4.44
1400000US06083001402,6083001402,Total,Vulnerable,"Santa Barbara County","Santa Barbara",52.53,20.25,97.52,63.34,0.13,3.50
1400000US06083001402,6083001402,Total,"2006 HW","Santa Barbara County","Santa Barbara",62.09,26.82,101.12,69.51,0.00,0.00
1400000US06083001500,6083001500,Total,"2006 HW","Santa Barbara County","Santa Barbara",62.09,26.82,101.12,69.51,0.00,0.00
1400000US06083001500,6083001500,Total,Vulnerable,"Santa Barbara County","Santa Barbara",52.53,20.25,97.52,63.34,0.13,3.50
1400000US06083001500,6083001500,AM,General,"Santa Barbara County","Santa Barbara",68.51,26.80,87.54,55.28,0.60,4.44
1400000US06083001500,6083001500,JJA,General,"Santa Barbara County","Santa Barbara",68.06,26.95,93.64,65.31,0.37,4.09
1400000US06083001500,6083001500,SO,General,"Santa Barbara County","Santa Barbara",56.14,23.46,95.74,65.21,0.07,3.00
1400000US06083001601,6083001601,SO,General,"Santa Barbara County",Carpinteria,56.14,23.46,95.74,65.21,0.07,3.00
1400000US06083001601,6083001601,JJA,General,"Santa Barbara County",Carpinteria,68.06,26.95,93.64,65.31,0.37,4.09
1400000US06083001601,6083001601,AM,General,"Santa Barbara County",Carpinteria,68.51,26.80,87.54,55.28,0.60,4.44
1400000US06083001601,6083001601,Total,Vulnerable,"Santa Barbara County",Carpinteria,52.53,20.25,97.52,63.34,0.13,3.50
1400000US06083001601,6083001601,Total,"2006 HW","Santa Barbara County",Carpinteria,62.09,26.82,101.12,69.51,0.00,0.00
1400000US06083001604,6083001604,SO,General,"Santa Barbara County",Carpinteria,56.14,23.46,95.74,65.21,0.07,3.00
1400000US06083001604,6083001604,JJA,General,"Santa Barbara County",Carpinteria,68.06,26.95,93.64,65.31,0.37,4.09
1400000US06083001604,6083001604,AM,General,"Santa Barbara County",Carpinteria,68.51,26.80,87.54,55.28,0.60,4.44
1400000US06083001604,6083001604,Total,Vulnerable,"Santa Barbara County",Carpinteria,52.53,20.25,97.52,63.34,0.13,3.50
1400000US06083001604,6083001604,Total,"2006 HW","Santa Barbara County",Carpinteria,62.09,26.82,101.12,69.51,0.00,0.00
1400000US06083001704,6083001704,Total,"2006 HW","Santa Barbara County",Carpinteria,62.09,26.82,101.12,69.51,0.00,0.00
1400000US06083001704,6083001704,Total,Vulnerable,"Santa Barbara County",Carpinteria,52.53,20.25,97.52,63.34,0.13,3.50
1400000US06083001704,6083001704,AM,General,"Santa Barbara County",Carpinteria,68.51,26.80,87.54,55.28,0.60,4.44
1400000US06083001704,6083001704,JJA,General,"Santa Barbara County",Carpinteria,68.06,26.95,93.64,65.31,0.37,4.09
1400000US06083001704,6083001704,SO,General,"Santa Barbara County",Carpinteria,56.14,23.46,95.74,65.21,0.07,3.00
1400000US06083001706,6083001706,SO,General,"Santa Barbara County","Santa Barbara",56.14,23.46,95.74,65.21,0.07,3.00
1400000US06083001706,6083001706,JJA,General,"Santa Barbara County","Santa Barbara",68.06,26.95,93.64,65.31,0.37,4.09
1400000US06083001706,6083001706,AM,General,"Santa Barbara County","Santa Barbara",68.51,26.80,87.54,55.28,0.60,4.44
1400000US06083001706,6083001706,Total,Vulnerable,"Santa Barbara County","Santa Barbara",52.53,20.25,97.52,63.34,0.13,3.50
1400000US06083001706,6083001706,Total,"2006 HW","Santa Barbara County","Santa Barbara",62.09,26.82,101.12,69.51,0.00,0.00
1400000US06083001800,6083001800,SO,General,"Santa Barbara County","Los Padres NTL Forest",60.50,22.67,95.03,62.46,0.33,4.50
1400000US06083001800,6083001800,JJA,General,"Santa Barbara County","Los Padres NTL Forest",48.71,19.07,105.70,70.65,0.10,5.00
1400000US06083001800,6083001800,AM,General,"Santa Barbara County","Los Padres NTL Forest",59.65,18.13,97.78,59.46,0.07,3.50
1400000US06083001800,6083001800,Total,Vulnerable,"Santa Barbara County","Los Padres NTL Forest",0.00,0.00,0.00,0.00,0.00,0.00
1400000US06083001800,6083001800,Total,"2006 HW","Santa Barbara County","Los Padres NTL Forest",59.75,21.37,108.85,73.93,0.00,0.00
1400000US06083001901,6083001901,Total,"2006 HW","Santa Barbara County","Santa Maria",85.26,40.93,89.93,61.67,0.00,0.00
1400000US06083001901,6083001901,Total,Vulnerable,"Santa Barbara County","Santa Maria",83.96,42.73,82.96,57.33,0.83,4.08
1400000US06083001901,6083001901,AM,General,"Santa Barbara County","Santa Maria",80.03,37.31,83.41,53.42,0.33,3.80
1400000US06083001901,6083001901,JJA,General,"Santa Barbara County","Santa Maria",83.24,35.79,86.64,61.78,0.07,3.50
1400000US06083001901,6083001901,SO,General,"Santa Barbara County","Santa Maria",91.03,50.28,78.21,56.33,0.40,6.58
1400000US06083001903,6083001903,SO,General,"Santa Barbara County",Solvang,91.03,50.28,78.21,56.33,0.40,6.58
1400000US06083001903,6083001903,JJA,General,"Santa Barbara County",Solvang,83.24,35.79,86.64,61.78,0.07,3.50
1400000US06083001903,6083001903,AM,General,"Santa Barbara County",Solvang,80.03,37.31,83.41,53.42,0.33,3.80
1400000US06083001903,6083001903,Total,Vulnerable,"Santa Barbara County",Solvang,83.96,42.73,82.96,57.33,0.83,4.08
1400000US06083001903,6083001903,Total,"2006 HW","Santa Barbara County",Solvang,85.26,40.93,89.93,61.67,0.00,0.00
1400000US06083001905,6083001905,SO,General,"Santa Barbara County","Los Olivos",56.14,23.46,95.74,65.21,0.07,3.00
1400000US06083001905,6083001905,JJA,General,"Santa Barbara County","Los Olivos",68.06,26.95,93.64,65.31,0.37,4.09
1400000US06083001905,6083001905,AM,General,"Santa Barbara County","Los Olivos",68.51,26.80,87.54,55.28,0.60,4.44
1400000US06083001905,6083001905,Total,Vulnerable,"Santa Barbara County","Los Olivos",52.53,20.25,97.52,63.34,0.13,3.50
1400000US06083001905,6083001905,Total,"2006 HW","Santa Barbara County","Los Olivos",62.09,26.82,101.12,69.51,0.00,0.00
1400000US06083001906,6083001906,Total,"2006 HW","Santa Barbara County","Santa Barbara",62.09,26.82,101.12,69.51,0.00,0.00
1400000US06083001906,6083001906,Total,Vulnerable,"Santa Barbara County","Santa Barbara",52.53,20.25,97.52,63.34,0.13,3.50
1400000US06083001906,6083001906,AM,General,"Santa Barbara County","Santa Barbara",68.51,26.80,87.54,55.28,0.60,4.44
1400000US06083001906,6083001906,JJA,General,"Santa Barbara County","Santa Barbara",68.06,26.95,93.64,65.31,0.37,4.09
1400000US06083001906,6083001906,SO,General,"Santa Barbara County","Santa Barbara",56.14,23.46,95.74,65.21,0.07,3.00
1400000US06083002005,6083002005,SO,General,"Santa Barbara County","Santa Maria",78.77,39.73,83.36,58.38,0.27,5.38
1400000US06083002005,6083002005,JJA,General,"Santa Barbara County","Santa Maria",77.58,33.26,91.53,63.61,0.10,3.33
1400000US06083002005,6083002005,AM,General,"Santa Barbara County","Santa Maria",78.21,31.65,84.79,55.16,0.20,3.83
1400000US06083002005,6083002005,Total,Vulnerable,"Santa Barbara County","Santa Maria",67.33,26.30,93.06,59.15,0.37,6.09
1400000US06083002005,6083002005,Total,"2006 HW","Santa Barbara County","Santa Maria",73.99,27.70,98.01,65.47,0.00,0.00
1400000US06083002006,6083002006,Total,"2006 HW","Santa Barbara County","Santa Maria",73.99,27.70,98.01,65.47,0.00,0.00
1400000US06083002006,6083002006,Total,Vulnerable,"Santa Barbara County","Santa Maria",67.33,26.30,93.06,59.15,0.37,6.09
1400000US06083002006,6083002006,AM,General,"Santa Barbara County","Santa Maria",78.21,31.65,84.79,55.16,0.20,3.83
1400000US06083002006,6083002006,JJA,General,"Santa Barbara County","Santa Maria",77.58,33.26,91.53,63.61,0.10,3.33
1400000US06083002006,6083002006,SO,General,"Santa Barbara County","Santa Maria",78.77,39.73,83.36,58.38,0.27,5.38
1400000US06083002007,6083002007,SO,General,"Santa Barbara County","Santa Maria",78.77,39.73,83.36,58.38,0.27,5.38
1400000US06083002007,6083002007,JJA,General,"Santa Barbara County","Santa Maria",77.58,33.26,91.53,63.61,0.10,3.33
1400000US06083002007,6083002007,AM,General,"Santa Barbara County","Santa Maria",78.21,31.65,84.79,55.16,0.20,3.83
1400000US06083002007,6083002007,Total,Vulnerable,"Santa Barbara County","Santa Maria",67.33,26.30,93.06,59.15,0.37,6.09
1400000US06083002007,6083002007,Total,"2006 HW","Santa Barbara County","Santa Maria",73.99,27.70,98.01,65.47,0.00,0.00
1400000US06083002008,6083002008,SO,General,"Santa Barbara County","Santa Maria",78.77,39.73,83.36,58.38,0.27,5.38
1400000US06083002008,6083002008,JJA,General,"Santa Barbara County","Santa Maria",77.58,33.26,91.53,63.61,0.10,3.33
1400000US06083002008,6083002008,AM,General,"Santa Barbara County","Santa Maria",78.21,31.65,84.79,55.16,0.20,3.83
1400000US06083002008,6083002008,Total,Vulnerable,"Santa Barbara County","Santa Maria",67.33,26.30,93.06,59.15,0.37,6.09
1400000US06083002008,6083002008,Total,"2006 HW","Santa Barbara County","Santa Maria",73.99,27.70,98.01,65.47,0.00,0.00
1400000US06083002009,6083002009,Total,"2006 HW","Santa Barbara County","Santa Maria",73.99,27.70,98.01,65.47,0.00,0.00
1400000US06083002009,6083002009,Total,Vulnerable,"Santa Barbara County","Santa Maria",67.33,26.30,93.06,59.15,0.37,6.09
1400000US06083002009,6083002009,AM,General,"Santa Barbara County","Santa Maria",78.21,31.65,84.79,55.16,0.20,3.83
1400000US06083002009,6083002009,JJA,General,"Santa Barbara County","Santa Maria",77.58,33.26,91.53,63.61,0.10,3.33
1400000US06083002009,6083002009,SO,General,"Santa Barbara County","Santa Maria",78.77,39.73,83.36,58.38,0.27,5.38
1400000US06083002010,6083002010,SO,General,"Santa Barbara County","Santa Maria",78.77,39.73,83.36,58.38,0.27,5.38
1400000US06083002010,6083002010,JJA,General,"Santa Barbara County","Santa Maria",77.58,33.26,91.53,63.61,0.10,3.33
1400000US06083002010,6083002010,AM,General,"Santa Barbara County","Santa Maria",78.21,31.65,84.79,55.16,0.20,3.83
1400000US06083002010,6083002010,Total,Vulnerable,"Santa Barbara County","Santa Maria",67.33,26.30,93.06,59.15,0.37,6.09
1400000US06083002010,6083002010,Total,"2006 HW","Santa Barbara County","Santa Maria",73.99,27.70,98.01,65.47,0.00,0.00
1400000US06083002011,6083002011,SO,General,"Santa Barbara County","Santa Maria",78.77,39.73,83.36,58.38,0.27,5.38
1400000US06083002011,6083002011,JJA,General,"Santa Barbara County","Santa Maria",77.58,33.26,91.53,63.61,0.10,3.33
1400000US06083002011,6083002011,AM,General,"Santa Barbara County","Santa Maria",78.21,31.65,84.79,55.16,0.20,3.83
1400000US06083002011,6083002011,Total,Vulnerable,"Santa Barbara County","Santa Maria",67.33,26.30,93.06,59.15,0.37,6.09
1400000US06083002011,6083002011,Total,"2006 HW","Santa Barbara County","Santa Maria",73.99,27.70,98.01,65.47,0.00,0.00
1400000US06083002012,6083002012,Total,"2006 HW","Santa Barbara County","Santa Maria",73.99,27.70,98.01,65.47,0.00,0.00
1400000US06083002012,6083002012,Total,Vulnerable,"Santa Barbara County","Santa Maria",67.33,26.30,93.06,59.15,0.37,6.09
1400000US06083002012,6083002012,AM,General,"Santa Barbara County","Santa Maria",78.21,31.65,84.79,55.16,0.20,3.83
1400000US06083002012,6083002012,JJA,General,"Santa Barbara County","Santa Maria",77.58,33.26,91.53,63.61,0.10,3.33
1400000US06083002012,6083002012,SO,General,"Santa Barbara County","Santa Maria",78.77,39.73,83.36,58.38,0.27,5.38
1400000US06083002013,6083002013,SO,General,"Santa Barbara County","Santa Maria",78.77,39.73,83.36,58.38,0.27,5.38
1400000US06083002013,6083002013,JJA,General,"Santa Barbara County","Santa Maria",77.58,33.26,91.53,63.61,0.10,3.33
1400000US06083002013,6083002013,AM,General,"Santa Barbara County","Santa Maria",78.21,31.65,84.79,55.16,0.20,3.83
1400000US06083002013,6083002013,Total,Vulnerable,"Santa Barbara County","Santa Maria",67.33,26.30,93.06,59.15,0.37,6.09
1400000US06083002013,6083002013,Total,"2006 HW","Santa Barbara County","Santa Maria",73.99,27.70,98.01,65.47,0.00,0.00
1400000US06083002101,6083002101,SO,General,"Santa Barbara County","Santa Maria",78.77,39.73,83.36,58.38,0.27,5.38
1400000US06083002101,6083002101,JJA,General,"Santa Barbara County","Santa Maria",77.58,33.26,91.53,63.61,0.10,3.33
1400000US06083002101,6083002101,AM,General,"Santa Barbara County","Santa Maria",78.21,31.65,84.79,55.16,0.20,3.83
1400000US06083002101,6083002101,Total,Vulnerable,"Santa Barbara County","Santa Maria",67.33,26.30,93.06,59.15,0.37,6.09
1400000US06083002101,6083002101,Total,"2006 HW","Santa Barbara County","Santa Maria",73.99,27.70,98.01,65.47,0.00,0.00
1400000US06083002102,6083002102,Total,"2006 HW","Santa Barbara County","Santa Maria",73.99,27.70,98.01,65.47,0.00,0.00
1400000US06083002102,6083002102,Total,Vulnerable,"Santa Barbara County","Santa Maria",67.33,26.30,93.06,59.15,0.37,6.09
1400000US06083002102,6083002102,AM,General,"Santa Barbara County","Santa Maria",78.21,31.65,84.79,55.16,0.20,3.83
1400000US06083002102,6083002102,JJA,General,"Santa Barbara County","Santa Maria",77.58,33.26,91.53,63.61,0.10,3.33
1400000US06083002102,6083002102,SO,General,"Santa Barbara County","Santa Maria",78.77,39.73,83.36,58.38,0.27,5.38
1400000US06083002103,6083002103,SO,General,"Santa Barbara County","Santa Maria",78.77,39.73,83.36,58.38,0.27,5.38
1400000US06083002103,6083002103,JJA,General,"Santa Barbara County","Santa Maria",77.58,33.26,91.53,63.61,0.10,3.33
1400000US06083002103,6083002103,AM,General,"Santa Barbara County","Santa Maria",78.21,31.65,84.79,55.16,0.20,3.83
1400000US06083002103,6083002103,Total,Vulnerable,"Santa Barbara County","Santa Maria",67.33,26.30,93.06,59.15,0.37,6.09
1400000US06083002103,6083002103,Total,"2006 HW","Santa Barbara County","Santa Maria",73.99,27.70,98.01,65.47,0.00,0.00
1400000US06083002205,6083002205,Total,"2006 HW","Santa Barbara County","Santa Maria",73.99,27.70,98.01,65.47,0.00,0.00
1400000US06083002205,6083002205,Total,Vulnerable,"Santa Barbara County","Santa Maria",67.33,26.30,93.06,59.15,0.37,6.09
1400000US06083002205,6083002205,AM,General,"Santa Barbara County","Santa Maria",78.21,31.65,84.79,55.16,0.20,3.83
1400000US06083002205,6083002205,JJA,General,"Santa Barbara County","Santa Maria",77.58,33.26,91.53,63.61,0.10,3.33
1400000US06083002205,6083002205,SO,General,"Santa Barbara County","Santa Maria",78.77,39.73,83.36,58.38,0.27,5.38
1400000US06083002206,6083002206,SO,General,"Santa Barbara County","Santa Maria",78.77,39.73,83.36,58.38,0.27,5.38
1400000US06083002206,6083002206,JJA,General,"Santa Barbara County","Santa Maria",77.58,33.26,91.53,63.61,0.10,3.33
1400000US06083002206,6083002206,AM,General,"Santa Barbara County","Santa Maria",78.21,31.65,84.79,55.16,0.20,3.83
1400000US06083002206,6083002206,Total,Vulnerable,"Santa Barbara County","Santa Maria",67.33,26.30,93.06,59.15,0.37,6.09
1400000US06083002206,6083002206,Total,"2006 HW","Santa Barbara County","Santa Maria",73.99,27.70,98.01,65.47,0.00,0.00
1400000US06083002209,6083002209,SO,General,"Santa Barbara County","Santa Maria",78.77,39.73,83.36,58.38,0.27,5.38
1400000US06083002209,6083002209,JJA,General,"Santa Barbara County","Santa Maria",77.58,33.26,91.53,63.61,0.10,3.33
1400000US06083002209,6083002209,AM,General,"Santa Barbara County","Santa Maria",78.21,31.65,84.79,55.16,0.20,3.83
1400000US06083002209,6083002209,Total,Vulnerable,"Santa Barbara County","Santa Maria",67.33,26.30,93.06,59.15,0.37,6.09
1400000US06083002209,6083002209,Total,"2006 HW","Santa Barbara County","Santa Maria",73.99,27.70,98.01,65.47,0.00,0.00
1400000US06083002210,6083002210,Total,"2006 HW","Santa Barbara County","Santa Maria",73.99,27.70,98.01,65.47,0.00,0.00
1400000US06083002210,6083002210,Total,Vulnerable,"Santa Barbara County","Santa Maria",67.33,26.30,93.06,59.15,0.37,6.09
1400000US06083002210,6083002210,AM,General,"Santa Barbara County","Santa Maria",78.21,31.65,84.79,55.16,0.20,3.83
1400000US06083002210,6083002210,JJA,General,"Santa Barbara County","Santa Maria",77.58,33.26,91.53,63.61,0.10,3.33
1400000US06083002210,6083002210,SO,General,"Santa Barbara County","Santa Maria",78.77,39.73,83.36,58.38,0.27,5.38
1400000US06083002211,6083002211,SO,General,"Santa Barbara County","Santa Maria",78.77,39.73,83.36,58.38,0.27,5.38
1400000US06083002211,6083002211,JJA,General,"Santa Barbara County","Santa Maria",77.58,33.26,91.53,63.61,0.10,3.33
1400000US06083002211,6083002211,AM,General,"Santa Barbara County","Santa Maria",78.21,31.65,84.79,55.16,0.20,3.83
1400000US06083002211,6083002211,Total,Vulnerable,"Santa Barbara County","Santa Maria",67.33,26.30,93.06,59.15,0.37,6.09
1400000US06083002211,6083002211,Total,"2006 HW","Santa Barbara County","Santa Maria",73.99,27.70,98.01,65.47,0.00,0.00
1400000US06083002303,6083002303,SO,General,"Santa Barbara County","Santa Maria",78.77,39.73,83.36,58.38,0.27,5.38
1400000US06083002303,6083002303,JJA,General,"Santa Barbara County","Santa Maria",77.58,33.26,91.53,63.61,0.10,3.33
1400000US06083002303,6083002303,AM,General,"Santa Barbara County","Santa Maria",78.21,31.65,84.79,55.16,0.20,3.83
1400000US06083002303,6083002303,Total,Vulnerable,"Santa Barbara County","Santa Maria",67.33,26.30,93.06,59.15,0.37,6.09
1400000US06083002303,6083002303,Total,"2006 HW","Santa Barbara County","Santa Maria",73.99,27.70,98.01,65.47,0.00,0.00
1400000US06083002304,6083002304,Total,"2006 HW","Santa Barbara County","Santa Maria",73.99,27.70,98.01,65.47,0.00,0.00
1400000US06083002304,6083002304,Total,Vulnerable,"Santa Barbara County","Santa Maria",67.33,26.30,93.06,59.15,0.37,6.09
1400000US06083002304,6083002304,AM,General,"Santa Barbara County","Santa Maria",78.21,31.65,84.79,55.16,0.20,3.83
1400000US06083002304,6083002304,JJA,General,"Santa Barbara County","Santa Maria",77.58,33.26,91.53,63.61,0.10,3.33
1400000US06083002304,6083002304,SO,General,"Santa Barbara County","Santa Maria",78.77,39.73,83.36,58.38,0.27,5.38
1400000US06083002305,6083002305,SO,General,"Santa Barbara County","Santa Maria",78.77,39.73,83.36,58.38,0.27,5.38
1400000US06083002305,6083002305,JJA,General,"Santa Barbara County","Santa Maria",77.58,33.26,91.53,63.61,0.10,3.33
1400000US06083002305,6083002305,AM,General,"Santa Barbara County","Santa Maria",78.21,31.65,84.79,55.16,0.20,3.83
1400000US06083002305,6083002305,Total,Vulnerable,"Santa Barbara County","Santa Maria",67.33,26.30,93.06,59.15,0.37,6.09
1400000US06083002305,6083002305,Total,"2006 HW","Santa Barbara County","Santa Maria",73.99,27.70,98.01,65.47,0.00,0.00
1400000US06083002306,6083002306,SO,General,"Santa Barbara County","Santa Maria",78.77,39.73,83.36,58.38,0.27,5.38
1400000US06083002306,6083002306,JJA,General,"Santa Barbara County","Santa Maria",77.58,33.26,91.53,63.61,0.10,3.33
1400000US06083002306,6083002306,AM,General,"Santa Barbara County","Santa Maria",78.21,31.65,84.79,55.16,0.20,3.83
1400000US06083002306,6083002306,Total,Vulnerable,"Santa Barbara County","Santa Maria",67.33,26.30,93.06,59.15,0.37,6.09
1400000US06083002306,6083002306,Total,"2006 HW","Santa Barbara County","Santa Maria",73.99,27.70,98.01,65.47,0.00,0.00
1400000US06083002402,6083002402,Total,"2006 HW","Santa Barbara County","Santa Maria",73.99,27.70,98.01,65.47,0.00,0.00
1400000US06083002402,6083002402,Total,Vulnerable,"Santa Barbara County","Santa Maria",67.33,26.30,93.06,59.15,0.37,6.09
1400000US06083002402,6083002402,AM,General,"Santa Barbara County","Santa Maria",78.21,31.65,84.79,55.16,0.20,3.83
1400000US06083002402,6083002402,JJA,General,"Santa Barbara County","Santa Maria",77.58,33.26,91.53,63.61,0.10,3.33
1400000US06083002402,6083002402,SO,General,"Santa Barbara County","Santa Maria",78.77,39.73,83.36,58.38,0.27,5.38
1400000US06083002403,6083002403,SO,General,"Santa Barbara County","Santa Maria",78.77,39.73,83.36,58.38,0.27,5.38
1400000US06083002403,6083002403,JJA,General,"Santa Barbara County","Santa Maria",77.58,33.26,91.53,63.61,0.10,3.33
1400000US06083002403,6083002403,AM,General,"Santa Barbara County","Santa Maria",78.21,31.65,84.79,55.16,0.20,3.83
1400000US06083002403,6083002403,Total,Vulnerable,"Santa Barbara County","Santa Maria",67.33,26.30,93.06,59.15,0.37,6.09
1400000US06083002403,6083002403,Total,"2006 HW","Santa Barbara County","Santa Maria",73.99,27.70,98.01,65.47,0.00,0.00
1400000US06083002404,6083002404,Total,"2006 HW","Santa Barbara County","Santa Maria",73.99,27.70,98.01,65.47,0.00,0.00
1400000US06083002404,6083002404,Total,Vulnerable,"Santa Barbara County","Santa Maria",67.33,26.30,93.06,59.15,0.37,6.09
1400000US06083002404,6083002404,AM,General,"Santa Barbara County","Santa Maria",78.21,31.65,84.79,55.16,0.20,3.83
1400000US06083002404,6083002404,JJA,General,"Santa Barbara County","Santa Maria",77.58,33.26,91.53,63.61,0.10,3.33
1400000US06083002404,6083002404,SO,General,"Santa Barbara County","Santa Maria",78.77,39.73,83.36,58.38,0.27,5.38
1400000US06083002502,6083002502,SO,General,"Santa Barbara County","Santa Maria",91.03,50.28,78.21,56.33,0.40,6.58
1400000US06083002502,6083002502,JJA,General,"Santa Barbara County","Santa Maria",83.24,35.79,86.64,61.78,0.07,3.50
1400000US06083002502,6083002502,AM,General,"Santa Barbara County","Santa Maria",80.03,37.31,83.41,53.42,0.33,3.80
1400000US06083002502,6083002502,Total,Vulnerable,"Santa Barbara County","Santa Maria",83.96,42.73,82.96,57.33,0.83,4.08
1400000US06083002502,6083002502,Total,"2006 HW","Santa Barbara County","Santa Maria",85.26,40.93,89.93,61.67,0.00,0.00
1400000US06083002604,6083002604,SO,General,"Santa Barbara County",Lompoc,91.03,50.28,78.21,56.33,0.40,6.58
1400000US06083002604,6083002604,JJA,General,"Santa Barbara County",Lompoc,83.24,35.79,86.64,61.78,0.07,3.50
1400000US06083002604,6083002604,AM,General,"Santa Barbara County",Lompoc,80.03,37.31,83.41,53.42,0.33,3.80
1400000US06083002604,6083002604,Total,Vulnerable,"Santa Barbara County",Lompoc,83.96,42.73,82.96,57.33,0.83,4.08
1400000US06083002604,6083002604,Total,"2006 HW","Santa Barbara County",Lompoc,85.26,40.93,89.93,61.67,0.00,0.00
1400000US06083002606,6083002606,Total,"2006 HW","Santa Barbara County",Lompoc,85.26,40.93,89.93,61.67,0.00,0.00
1400000US06083002606,6083002606,Total,Vulnerable,"Santa Barbara County",Lompoc,83.96,42.73,82.96,57.33,0.83,4.08
1400000US06083002606,6083002606,AM,General,"Santa Barbara County",Lompoc,80.03,37.31,83.41,53.42,0.33,3.80
1400000US06083002606,6083002606,JJA,General,"Santa Barbara County",Lompoc,83.24,35.79,86.64,61.78,0.07,3.50
1400000US06083002606,6083002606,SO,General,"Santa Barbara County",Lompoc,91.03,50.28,78.21,56.33,0.40,6.58
1400000US06083002702,6083002702,SO,General,"Santa Barbara County",Lompoc,91.03,50.28,78.21,56.33,0.40,6.58
1400000US06083002702,6083002702,JJA,General,"Santa Barbara County",Lompoc,83.24,35.79,86.64,61.78,0.07,3.50
1400000US06083002702,6083002702,AM,General,"Santa Barbara County",Lompoc,80.03,37.31,83.41,53.42,0.33,3.80
1400000US06083002702,6083002702,Total,Vulnerable,"Santa Barbara County",Lompoc,83.96,42.73,82.96,57.33,0.83,4.08
1400000US06083002702,6083002702,Total,"2006 HW","Santa Barbara County",Lompoc,85.26,40.93,89.93,61.67,0.00,0.00
1400000US06083002703,6083002703,SO,General,"Santa Barbara County",Lompoc,91.03,50.28,78.21,56.33,0.40,6.58
1400000US06083002703,6083002703,JJA,General,"Santa Barbara County",Lompoc,83.24,35.79,86.64,61.78,0.07,3.50
1400000US06083002703,6083002703,AM,General,"Santa Barbara County",Lompoc,80.03,37.31,83.41,53.42,0.33,3.80
1400000US06083002703,6083002703,Total,Vulnerable,"Santa Barbara County",Lompoc,83.96,42.73,82.96,57.33,0.83,4.08
1400000US06083002703,6083002703,Total,"2006 HW","Santa Barbara County",Lompoc,85.26,40.93,89.93,61.67,0.00,0.00
1400000US06083002705,6083002705,Total,"2006 HW","Santa Barbara County",Lompoc,85.26,40.93,89.93,61.67,0.00,0.00
1400000US06083002705,6083002705,Total,Vulnerable,"Santa Barbara County",Lompoc,83.96,42.73,82.96,57.33,0.83,4.08
1400000US06083002705,6083002705,AM,General,"Santa Barbara County",Lompoc,80.03,37.31,83.41,53.42,0.33,3.80
1400000US06083002705,6083002705,JJA,General,"Santa Barbara County",Lompoc,83.24,35.79,86.64,61.78,0.07,3.50
1400000US06083002705,6083002705,SO,General,"Santa Barbara County",Lompoc,91.03,50.28,78.21,56.33,0.40,6.58
1400000US06083002706,6083002706,SO,General,"Santa Barbara County",Lompoc,91.03,50.28,78.21,56.33,0.40,6.58
1400000US06083002706,6083002706,JJA,General,"Santa Barbara County",Lompoc,83.24,35.79,86.64,61.78,0.07,3.50
1400000US06083002706,6083002706,AM,General,"Santa Barbara County",Lompoc,80.03,37.31,83.41,53.42,0.33,3.80
1400000US06083002706,6083002706,Total,Vulnerable,"Santa Barbara County",Lompoc,83.96,42.73,82.96,57.33,0.83,4.08
1400000US06083002706,6083002706,Total,"2006 HW","Santa Barbara County",Lompoc,85.26,40.93,89.93,61.67,0.00,0.00
1400000US06083002707,6083002707,SO,General,"Santa Barbara County",Lompoc,91.03,50.28,78.21,56.33,0.40,6.58
1400000US06083002707,6083002707,JJA,General,"Santa Barbara County",Lompoc,83.24,35.79,86.64,61.78,0.07,3.50
1400000US06083002707,6083002707,AM,General,"Santa Barbara County",Lompoc,80.03,37.31,83.41,53.42,0.33,3.80
1400000US06083002707,6083002707,Total,Vulnerable,"Santa Barbara County",Lompoc,83.96,42.73,82.96,57.33,0.83,4.08
1400000US06083002707,6083002707,Total,"2006 HW","Santa Barbara County",Lompoc,85.26,40.93,89.93,61.67,0.00,0.00
1400000US06083002708,6083002708,Total,"2006 HW","Santa Barbara County",Lompoc,85.26,40.93,89.93,61.67,0.00,0.00
1400000US06083002708,6083002708,Total,Vulnerable,"Santa Barbara County",Lompoc,83.96,42.73,82.96,57.33,0.83,4.08
1400000US06083002708,6083002708,AM,General,"Santa Barbara County",Lompoc,80.03,37.31,83.41,53.42,0.33,3.80
1400000US06083002708,6083002708,JJA,General,"Santa Barbara County",Lompoc,83.24,35.79,86.64,61.78,0.07,3.50
1400000US06083002708,6083002708,SO,General,"Santa Barbara County",Lompoc,91.03,50.28,78.21,56.33,0.40,6.58
1400000US06083002802,6083002802,SO,General,"Santa Barbara County",Lompoc,91.03,50.28,78.21,56.33,0.40,6.58
1400000US06083002802,6083002802,JJA,General,"Santa Barbara County",Lompoc,83.24,35.79,86.64,61.78,0.07,3.50
1400000US06083002802,6083002802,AM,General,"Santa Barbara County",Lompoc,80.03,37.31,83.41,53.42,0.33,3.80
1400000US06083002802,6083002802,Total,Vulnerable,"Santa Barbara County",Lompoc,83.96,42.73,82.96,57.33,0.83,4.08
1400000US06083002802,6083002802,Total,"2006 HW","Santa Barbara County",Lompoc,85.26,40.93,89.93,61.67,0.00,0.00
1400000US06083002806,6083002806,Total,"2006 HW","Santa Barbara County",Lompoc,85.26,40.93,89.93,61.67,0.00,0.00
1400000US06083002806,6083002806,Total,Vulnerable,"Santa Barbara County",Lompoc,83.96,42.73,82.96,57.33,0.83,4.08
1400000US06083002806,6083002806,AM,General,"Santa Barbara County",Lompoc,80.03,37.31,83.41,53.42,0.33,3.80
1400000US06083002806,6083002806,JJA,General,"Santa Barbara County",Lompoc,83.24,35.79,86.64,61.78,0.07,3.50
1400000US06083002806,6083002806,SO,General,"Santa Barbara County",Lompoc,91.03,50.28,78.21,56.33,0.40,6.58
1400000US06083002808,6083002808,SO,General,"Santa Barbara County",Lompoc,91.03,50.28,78.21,56.33,0.40,6.58
1400000US06083002808,6083002808,JJA,General,"Santa Barbara County",Lompoc,83.24,35.79,86.64,61.78,0.07,3.50
1400000US06083002808,6083002808,AM,General,"Santa Barbara County",Lompoc,80.03,37.31,83.41,53.42,0.33,3.80
1400000US06083002808,6083002808,Total,Vulnerable,"Santa Barbara County",Lompoc,83.96,42.73,82.96,57.33,0.83,4.08
1400000US06083002808,6083002808,Total,"2006 HW","Santa Barbara County",Lompoc,85.26,40.93,89.93,61.67,0.00,0.00
1400000US06083002809,6083002809,SO,General,"Santa Barbara County",Lompoc,91.03,50.28,78.21,56.33,0.40,6.58
1400000US06083002809,6083002809,JJA,General,"Santa Barbara County",Lompoc,83.24,35.79,86.64,61.78,0.07,3.50
1400000US06083002809,6083002809,AM,General,"Santa Barbara County",Lompoc,80.03,37.31,83.41,53.42,0.33,3.80
1400000US06083002809,6083002809,Total,Vulnerable,"Santa Barbara County",Lompoc,83.96,42.73,82.96,57.33,0.83,4.08
1400000US06083002809,6083002809,Total,"2006 HW","Santa Barbara County",Lompoc,85.26,40.93,89.93,61.67,0.00,0.00
1400000US06083002906,6083002906,Total,"2006 HW","Santa Barbara County",Goleta,67.59,35.14,93.47,67.83,0.00,0.00
1400000US06083002906,6083002906,Total,Vulnerable,"Santa Barbara County",Goleta,0.00,0.00,0.00,0.00,0.00,0.00
1400000US06083002906,6083002906,AM,General,"Santa Barbara County",Goleta,68.26,29.66,84.08,56.25,0.43,3.62
1400000US06083002906,6083002906,JJA,General,"Santa Barbara County",Goleta,74.74,40.27,85.12,63.48,0.40,4.92
1400000US06083002906,6083002906,SO,General,"Santa Barbara County",Goleta,66.04,34.14,85.59,60.99,0.53,4.38
1400000US06083002907,6083002907,SO,General,"Santa Barbara County",Goleta,56.14,23.46,95.74,65.21,0.07,3.00
1400000US06083002907,6083002907,JJA,General,"Santa Barbara County",Goleta,68.06,26.95,93.64,65.31,0.37,4.09
1400000US06083002907,6083002907,AM,General,"Santa Barbara County",Goleta,68.51,26.80,87.54,55.28,0.60,4.44
1400000US06083002907,6083002907,Total,Vulnerable,"Santa Barbara County",Goleta,52.53,20.25,97.52,63.34,0.13,3.50
1400000US06083002907,6083002907,Total,"2006 HW","Santa Barbara County",Goleta,62.09,26.82,101.12,69.51,0.00,0.00
1400000US06083002909,6083002909,SO,General,"Santa Barbara County",Goleta,66.04,34.14,85.59,60.99,0.53,4.38
1400000US06083002909,6083002909,JJA,General,"Santa Barbara County",Goleta,74.74,40.27,85.12,63.48,0.40,4.92
1400000US06083002909,6083002909,AM,General,"Santa Barbara County",Goleta,68.26,29.66,84.08,56.25,0.43,3.62
1400000US06083002909,6083002909,Total,Vulnerable,"Santa Barbara County",Goleta,0.00,0.00,0.00,0.00,0.00,0.00
1400000US06083002909,6083002909,Total,"2006 HW","Santa Barbara County",Goleta,67.59,35.14,93.47,67.83,0.00,0.00
1400000US06083002913,6083002913,Total,"2006 HW","Santa Barbara County","Santa Barbara",62.09,26.82,101.12,69.51,0.00,0.00
1400000US06083002913,6083002913,Total,Vulnerable,"Santa Barbara County","Santa Barbara",52.53,20.25,97.52,63.34,0.13,3.50
1400000US06083002913,6083002913,AM,General,"Santa Barbara County","Santa Barbara",68.51,26.80,87.54,55.28,0.60,4.44
1400000US06083002913,6083002913,JJA,General,"Santa Barbara County","Santa Barbara",68.06,26.95,93.64,65.31,0.37,4.09
1400000US06083002913,6083002913,SO,General,"Santa Barbara County","Santa Barbara",56.14,23.46,95.74,65.21,0.07,3.00
1400000US06083002914,6083002914,SO,General,"Santa Barbara County",Goleta,66.04,34.14,85.59,60.99,0.53,4.38
1400000US06083002914,6083002914,JJA,General,"Santa Barbara County",Goleta,74.74,40.27,85.12,63.48,0.40,4.92
1400000US06083002914,6083002914,AM,General,"Santa Barbara County",Goleta,68.26,29.66,84.08,56.25,0.43,3.62
1400000US06083002914,6083002914,Total,Vulnerable,"Santa Barbara County",Goleta,0.00,0.00,0.00,0.00,0.00,0.00
1400000US06083002914,6083002914,Total,"2006 HW","Santa Barbara County",Goleta,67.59,35.14,93.47,67.83,0.00,0.00
1400000US06083002915,6083002915,SO,General,"Santa Barbara County",Goleta,66.04,34.14,85.59,60.99,0.53,4.38
1400000US06083002915,6083002915,JJA,General,"Santa Barbara County",Goleta,74.74,40.27,85.12,63.48,0.40,4.92
1400000US06083002915,6083002915,AM,General,"Santa Barbara County",Goleta,68.26,29.66,84.08,56.25,0.43,3.62
1400000US06083002915,6083002915,Total,Vulnerable,"Santa Barbara County",Goleta,0.00,0.00,0.00,0.00,0.00,0.00
1400000US06083002915,6083002915,Total,"2006 HW","Santa Barbara County",Goleta,67.59,35.14,93.47,67.83,0.00,0.00
1400000US06083002922,6083002922,Total,"2006 HW","Santa Barbara County",Goleta,67.59,35.14,93.47,67.83,0.00,0.00
1400000US06083002922,6083002922,Total,Vulnerable,"Santa Barbara County",Goleta,0.00,0.00,0.00,0.00,0.00,0.00
1400000US06083002922,6083002922,AM,General,"Santa Barbara County",Goleta,68.26,29.66,84.08,56.25,0.43,3.62
1400000US06083002922,6083002922,JJA,General,"Santa Barbara County",Goleta,74.74,40.27,85.12,63.48,0.40,4.92
1400000US06083002922,6083002922,SO,General,"Santa Barbara County",Goleta,66.04,34.14,85.59,60.99,0.53,4.38
1400000US06083002924,6083002924,SO,General,"Santa Barbara County",Goleta,66.04,34.14,85.59,60.99,0.53,4.38
1400000US06083002924,6083002924,JJA,General,"Santa Barbara County",Goleta,74.74,40.27,85.12,63.48,0.40,4.92
1400000US06083002924,6083002924,AM,General,"Santa Barbara County",Goleta,68.26,29.66,84.08,56.25,0.43,3.62
1400000US06083002924,6083002924,Total,Vulnerable,"Santa Barbara County",Goleta,0.00,0.00,0.00,0.00,0.00,0.00
1400000US06083002924,6083002924,Total,"2006 HW","Santa Barbara County",Goleta,67.59,35.14,93.47,67.83,0.00,0.00
1400000US06083002926,6083002926,Total,"2006 HW","Santa Barbara County",Goleta,67.59,35.14,93.47,67.83,0.00,0.00
1400000US06083002926,6083002926,Total,Vulnerable,"Santa Barbara County",Goleta,0.00,0.00,0.00,0.00,0.00,0.00
1400000US06083002926,6083002926,AM,General,"Santa Barbara County",Goleta,68.26,29.66,84.08,56.25,0.43,3.62
1400000US06083002926,6083002926,JJA,General,"Santa Barbara County",Goleta,74.74,40.27,85.12,63.48,0.40,4.92
1400000US06083002926,6083002926,SO,General,"Santa Barbara County",Goleta,66.04,34.14,85.59,60.99,0.53,4.38
1400000US06083002928,6083002928,SO,General,"Santa Barbara County",Goleta,66.04,34.14,85.59,60.99,0.53,4.38
1400000US06083002928,6083002928,JJA,General,"Santa Barbara County",Goleta,74.74,40.27,85.12,63.48,0.40,4.92
1400000US06083002928,6083002928,AM,General,"Santa Barbara County",Goleta,68.26,29.66,84.08,56.25,0.43,3.62
1400000US06083002928,6083002928,Total,Vulnerable,"Santa Barbara County",Goleta,0.00,0.00,0.00,0.00,0.00,0.00
1400000US06083002928,6083002928,Total,"2006 HW","Santa Barbara County",Goleta,67.59,35.14,93.47,67.83,0.00,0.00
1400000US06083002930,6083002930,SO,General,"Santa Barbara County",Goleta,66.04,34.14,85.59,60.99,0.53,4.38
1400000US06083002930,6083002930,JJA,General,"Santa Barbara County",Goleta,74.74,40.27,85.12,63.48,0.40,4.92
1400000US06083002930,6083002930,AM,General,"Santa Barbara County",Goleta,68.26,29.66,84.08,56.25,0.43,3.62
1400000US06083002930,6083002930,Total,Vulnerable,"Santa Barbara County",Goleta,0.00,0.00,0.00,0.00,0.00,0.00
1400000US06083002930,6083002930,Total,"2006 HW","Santa Barbara County",Goleta,67.59,35.14,93.47,67.83,0.00,0.00
1400000US06083002932,6083002932,Total,"2006 HW","Santa Barbara County",Goleta,67.59,35.14,93.47,67.83,0.00,0.00
1400000US06083002932,6083002932,Total,Vulnerable,"Santa Barbara County",Goleta,0.00,0.00,0.00,0.00,0.00,0.00
1400000US06083002932,6083002932,AM,General,"Santa Barbara County",Goleta,68.26,29.66,84.08,56.25,0.43,3.62
1400000US06083002932,6083002932,JJA,General,"Santa Barbara County",Goleta,74.74,40.27,85.12,63.48,0.40,4.92
1400000US06083002932,6083002932,SO,General,"Santa Barbara County",Goleta,66.04,34.14,85.59,60.99,0.53,4.38
1400000US06083003001,6083003001,SO,General,"Santa Barbara County","Santa Barbara",66.04,34.14,85.59,60.99,0.53,4.38
1400000US06083003001,6083003001,JJA,General,"Santa Barbara County","Santa Barbara",74.74,40.27,85.12,63.48,0.40,4.92
1400000US06083003001,6083003001,AM,General,"Santa Barbara County","Santa Barbara",68.26,29.66,84.08,56.25,0.43,3.62
1400000US06083003001,6083003001,Total,Vulnerable,"Santa Barbara County","Santa Barbara",0.00,0.00,0.00,0.00,0.00,0.00
1400000US06083003001,6083003001,Total,"2006 HW","Santa Barbara County","Santa Barbara",67.59,35.14,93.47,67.83,0.00,0.00
1400000US06083003004,6083003004,SO,General,"Santa Barbara County","Santa Barbara",56.14,23.46,95.74,65.21,0.07,3.00
1400000US06083003004,6083003004,JJA,General,"Santa Barbara County","Santa Barbara",68.06,26.95,93.64,65.31,0.37,4.09
1400000US06083003004,6083003004,AM,General,"Santa Barbara County","Santa Barbara",68.51,26.80,87.54,55.28,0.60,4.44
1400000US06083003004,6083003004,Total,Vulnerable,"Santa Barbara County","Santa Barbara",52.53,20.25,97.52,63.34,0.13,3.50
1400000US06083003004,6083003004,Total,"2006 HW","Santa Barbara County","Santa Barbara",62.09,26.82,101.12,69.51,0.00,0.00
1400000US06083003005,6083003005,Total,"2006 HW","Santa Barbara County","Santa Barbara",62.09,26.82,101.12,69.51,0.00,0.00
1400000US06083003005,6083003005,Total,Vulnerable,"Santa Barbara County","Santa Barbara",52.53,20.25,97.52,63.34,0.13,3.50
1400000US06083003005,6083003005,AM,General,"Santa Barbara County","Santa Barbara",68.51,26.80,87.54,55.28,0.60,4.44
1400000US06083003005,6083003005,JJA,General,"Santa Barbara County","Santa Barbara",68.06,26.95,93.64,65.31,0.37,4.09
1400000US06083003005,6083003005,SO,General,"Santa Barbara County","Santa Barbara",56.14,23.46,95.74,65.21,0.07,3.00
1400000US06083003007,6083003007,SO,General,"Santa Barbara County","Santa Barbara",56.14,23.46,95.74,65.21,0.07,3.00
1400000US06083003007,6083003007,JJA,General,"Santa Barbara County","Santa Barbara",68.06,26.95,93.64,65.31,0.37,4.09
1400000US06083003007,6083003007,AM,General,"Santa Barbara County","Santa Barbara",68.51,26.80,87.54,55.28,0.60,4.44
1400000US06083003007,6083003007,Total,Vulnerable,"Santa Barbara County","Santa Barbara",52.53,20.25,97.52,63.34,0.13,3.50
1400000US06083003007,6083003007,Total,"2006 HW","Santa Barbara County","Santa Barbara",62.09,26.82,101.12,69.51,0.00,0.00
1400000US06083003102,6083003102,SO,General,"Santa Barbara County",Lompoc,91.03,50.28,78.21,56.33,0.40,6.58
1400000US06083003102,6083003102,JJA,General,"Santa Barbara County",Lompoc,83.24,35.79,86.64,61.78,0.07,3.50
1400000US06083003102,6083003102,AM,General,"Santa Barbara County",Lompoc,80.03,37.31,83.41,53.42,0.33,3.80
1400000US06083003102,6083003102,Total,Vulnerable,"Santa Barbara County",Lompoc,83.96,42.73,82.96,57.33,0.83,4.08
1400000US06083003102,6083003102,Total,"2006 HW","Santa Barbara County",Lompoc,85.26,40.93,89.93,61.67,0.00,0.00
1400000US06083980000,6083980000,SO,General,"Santa Barbara County",Goleta,66.04,34.14,85.59,60.99,0.53,4.38
1400000US06083980000,6083980000,JJA,General,"Santa Barbara County",Goleta,74.74,40.27,85.12,63.48,0.40,4.92
1400000US06083980000,6083980000,AM,General,"Santa Barbara County",Goleta,68.26,29.66,84.08,56.25,0.43,3.62
1400000US06083980000,6083980000,Total,Vulnerable,"Santa Barbara County",Goleta,0.00,0.00,0.00,0.00,0.00,0.00
1400000US06083980000,6083980000,Total,"2006 HW","Santa Barbara County",Goleta,67.59,35.14,93.47,67.83,0.00,0.00
1400000US06083980100,6083980100,Total,"2006 HW","Santa Barbara County","Channel Islands",83.91,47.47,88.90,68.71,0.00,0.00
1400000US06083980100,6083980100,Total,Vulnerable,"Santa Barbara County","Channel Islands",76.09,39.25,89.29,65.58,0.13,3.25
1400000US06083980100,6083980100,AM,General,"Santa Barbara County","Channel Islands",74.90,33.49,87.34,61.73,0.27,2.63
1400000US06083980100,6083980100,JJA,General,"Santa Barbara County","Channel Islands",75.02,41.08,85.35,66.81,0.20,3.00
1400000US06083980100,6083980100,SO,General,"Santa Barbara County","Channel Islands",80.14,45.98,83.58,65.50,0.43,5.23
